query,gap_type,impressions,clicks,ctr,position,composite_score,first_seen_at,status,assigned_persona,notes
how to choose a project management tool for remote teams,striking_distance,2840,87,0.0306,11.4,142.7,2026-04-15T23:00:00Z,queued,,
notion vs asana for marketing agencies,striking_distance,1920,52,0.0271,9.8,128.3,2026-04-15T23:00:00Z,queued,,
small business inventory software comparison,low_ctr_opportunity,4180,98,0.0234,5.2,118.4,2026-04-15T23:00:00Z,queued,,
remote team productivity benchmarks 2026,rising_query,1240,38,0.0306,12.3,108.9,2026-04-15T23:00:00Z,queued,,
saas churn rate by industry,striking_distance,2100,71,0.0338,10.1,102.5,2026-04-15T23:00:00Z,in_progress,The Operator,Started Mon - audit pending
b2b email marketing benchmarks,striking_distance,1880,64,0.0340,9.4,98.2,2026-04-14T23:00:00Z,drafted,The Strategist,Draft in WP - waiting on editorial review
content marketing roi calculation,low_ctr_opportunity,3920,45,0.0115,4.8,94.7,2026-04-15T23:00:00Z,queued,,
linkedin ads vs facebook ads b2b,striking_distance,1560,48,0.0308,13.2,87.4,2026-04-15T23:00:00Z,queued,,
sales enablement tools for series b,rising_query,890,29,0.0326,15.1,82.1,2026-04-15T23:00:00Z,queued,,
customer success metrics that matter,striking_distance,1740,55,0.0316,11.8,79.6,2026-04-15T23:00:00Z,queued,,
